---
title: MySQL 常用命令
date: 2022-04-04 6:00:00
updated: 2022-04-04 6:00:00
categories:
        - MySQL
tags:
        - SQL
        - MySQL
        - 学习笔记
---

# 常用命令

## 显示数据库

使用`show databases;`命令来查看数据库，需要注意的是 database 后面的 s 和`;`符号。

```mysql
mysql> show databases;
+--------------------+
| Database           |
+--------------------+
| information_schema |
| mysql              |
| performance_schema |
| study              |
| sys                |
| typecho            |
| wordpress          |
+--------------------+
7 rows in set (0.02 sec)
```

## 打开数据库

使用`use DatabaseName;`命令来打开 typecho 数据库，DatabaseName 是数据库的名称。

```MySQL
mysql> use typecho;
Database changed
```

## 查看表

使用`show tables;`命令来查看 typecho 数据库中的表。

```MySQL
mysql> show tables;
+-----------------------+
| Tables_in_typecho     |
+-----------------------+
| typecho_comments      |
| typecho_contents      |
| typecho_fields        |
| typecho_metas         |
| typecho_options       |
| typecho_relationships |
| typecho_users         |
+-----------------------+
7 rows in set (0.00 sec)
```

还可以使用`show tables from DatabaseName;`命令来查看表，更加方便。

DatabaseName 是数据库的名称。

```MySQL
mysql> show tables from typecho;
+-----------------------+
| Tables_in_typecho     |
+-----------------------+
| typecho_comments      |
| typecho_contents      |
| typecho_fields        |
| typecho_metas         |
| typecho_options       |
| typecho_relationships |
| typecho_users         |
+-----------------------+
7 rows in set (0.00 sec)
```

## 查询当前处于哪个数据库

使用`select database();`命令来查看我们当前所在的数据库。

```MySQL
mysql> select database();
+------------+
| database() |
+------------+
| typecho    |
+------------+
1 row in set (0.00 sec)
```

## 创建表

使用`create table TableName();`来创建数据库中的表，TableName 是要创建的表的名称。

```MySQL
mysql> create table rainy(
    -> id int,
    -> name varchar(20));
Query OK, 0 rows affected (0.01 sec)
```

## 查看表结构

使用`DSEC TableName;`来查看数据库中的表结构，TableName 是要查询的表的名称。

```MySQL
mysql> desc rainy;
+-------+-------------+------+-----+---------+-------+
| Field | Type        | Null | Key | Default | Extra |
+-------+-------------+------+-----+---------+-------+
| id    | int(11)     | YES  |     | NULL    |       |
| name  | varchar(20) | YES  |     | NULL    |       |
+-------+-------------+------+-----+---------+-------+
2 rows in set (0.00 sec)
```

## 查询表中的数据

使用`select * from TableName;`来查询指定表中的数据，TableName 是要查询的表的名称。

```MySQL
mysql> select * from rainy;
Empty set (0.00 sec) 
```

提示空，表示该表中没有任何数据。

## 插入数据

使用`insert into TableName;`来插入一些数据，TableName 是要插入数据的表的名称。

```MySQL
mysql> insert into rainy (id,name) values(1,'su');
Query OK, 1 row affected (0.00 sec)
```

我们插入数据后重新查询表中的数据：

```MySQL
mysql> select * from rainy;
+------+------+
| id   | name |
+------+------+
|    1 | su   |
|    1 | su   |
+------+------+
2 rows in set (0.00 sec)
```

## 修改表中的数据

```MySQL
mysql> update rainy set name='zhu'where id=1;
Query OK, 2 rows affected (0.03 sec)
Rows matched: 2  Changed: 2  Warnings: 0
```

修改后重新查询表中的数据：

```MySQL
mysql> select * from rainy;
+------+------+
| id   | name |
+------+------+
|    1 | zhu  |
|    1 | zhu  |
+------+------+
2 rows in set (0.00 sec)
```

## 查询 MySQL 版本

登录 MySQL 服务端，使用`select version();`命令来查看：

```MySQL
mysql> select version();
+-----------+
| version() |
+-----------+
| 5.7.26    |
+-----------+
1 row in set (0.02 sec)
```

打开cmd，直接使用DOS命令查看：

```sh
C:\Windows\system32>mysql --version
mysql  Ver 14.14 Distrib 5.7.26, for Win64 (x86_64)

C:\Windows\system32>mysql -V
mysql  Ver 14.14 Distrib 5.7.26, for Win64 (x86_64)
```

